is a little caffeine ok during pregnancy	We donât know a lot about the effects of caffeine during pregnancy on you and your baby. So itâs best to limit the amount you get each day. If youâre pregnant, limit caffeine to 200 milligrams each day. This is about the amount in 1Â½ 8-ounce cups of coffee or one 12-ounce cup of coffee.	It is generally safe for pregnant women to eat chocolate because studies have shown to prove certain benefits of eating chocolate during pregnancy. However, pregnant women should ensure their caffeine intake is below 200 mg per day.
what fruit is native to australia	Passiflora herbertiana. A rare passion fruit native to Australia. Fruits are green-skinned, white fleshed, with an unknown edible rating. Some sources list the fruit as edible, sweet and tasty, while others list the fruits as being bitter and inedible.assiflora herbertiana. A rare passion fruit native to Australia. Fruits are green-skinned, white fleshed, with an unknown edible rating. Some sources list the fruit as edible, sweet and tasty, while others list the fruits as being bitter and inedible.	The kola nut is the fruit of the kola tree, a genus (Cola) of trees that are native to the tropical rainforests of Africa.
how large is the canadian military	The Canadian Armed Forces. 1  The first large-scale Canadian peacekeeping mission started in Egypt on November 24, 1956. 2  There are approximately 65,000 Regular Force and 25,000 reservist members in the Canadian military. 3  In Canada, August 9 is designated as National Peacekeepersâ Day.	The Canadian Physician Health Institute (CPHI) is a national program created in 2012 as a collaboration between the Canadian Medical Association (CMA), the Canadian Medical Foundation (CMF) and the Provincial and Territorial Medical Associations (PTMAs).
types of fruit trees	Cherry. Cherry trees are found throughout the world. There are 40 or more varieties, ranging from bing cherry to black cherry. Along with the fruit, cherry trees produce light and delicate pinkish-white blossoms that are highly fragrant.omments. Submit. Planting fruit trees on your property not only provides you with a steady supply of organic fruit, it also allows you to beautify your yard and give oxygen back to the environment.	The kola nut is the fruit of the kola tree, a genus (Cola) of trees that are native to the tropical rainforests of Africa.
how many calories a day are lost breastfeeding	Not only is breastfeeding better for the baby, however, research also says itâs better for the mother. Breastfeeding burns an average of 500 calories a day, with the typical range from 200 to 600 calories burned a day. Itâs estimated that the production of 1 oz. of breast milk burns 20 calories. The amount of calories burned depending on how much the baby eats. Breastfeeding twins burn twice as much as feeding only one baby. With twins their mom burns 1000 calories a day. Burning an extra 500 calories a day will result in one pound of weekly weight loss.	However, you still need some niacin each day; men need about 16 mg per day and women need 14 mg per day unless they are pregnant or nursing (pregnant and breastfeeding women have higher niacin requirements).
where is harrison city pa	Harrison City is a census-designated place (CDP) in Westmoreland County, Pennsylvania, United States. The population was 155 at the 2000 census.	Nearest cities: Vandling borough, PA (1.1 miles ), Simpson, PA (2.0 miles ), Union Dale borough, PA (2.1 miles ), Carbondale, PA (2.4 miles ), Waymart borough, PA (2.4 miles ), Mayfield borough, PA (2.9 miles ), Prompton borough, PA (2.9 miles ), Jermyn borough, PA (3.1 miles ). Crime rates in Forest City by Year.
how many representatives does texas have	Representatives. The United States is divided into 435 congressional districts â 36 in Texas â each with a population of about 710,000 individuals. Each district elects a representative to the House for a two-year term.Representatives are also called congressmen/congresswomen.1 st District.he United States is divided into 435 congressional districts â 36 in Texas â each with a population of about 710,000 individuals. Each district elects a representative to the House for a two-year term. Representatives are also called congressmen/congresswomen. 1 st District.	The Texas House of Representatives has 150 members.  * The Texas Senate has 30 members.  * Texas has 32 seats in the US House of Reprentatives and two US Senators.here are 435 representatives in the House, compared to 100 senators in the Senate. This is the number reached when new seats were added in 1913, and the number was locked b â¦ y the Reapportionment Act of 1929. From 1959 to 1963, there were temporarily 437 seats. There are 6 other non-voting delegates.
major climate characteristics of tropical rainforests	Description [edit]. Tropical rainforests have a type of tropical climate in which there is no dry season â all months have an average precipitation value of at least 60 mm. Tropical rainforests have no summer or winter; it is typically hot and wet throughout the year and rainfall is both heavy and frequent.escription [edit]. Tropical rainforests have a type of tropical climate in which there is no dry season â all months have an average precipitation value of at least 60 mm. Tropical rainforests have no summer or winter; it is typically hot and wet throughout the year and rainfall is both heavy and frequent.	The kola nut is the fruit of the kola tree, a genus (Cola) of trees that are native to the tropical rainforests of Africa.
cancer of the pancreas symptoms	Symptoms of Pancreatic Cancer. Pancreatic cancer may cause only vague unexplained symptoms. Pain (usually in the abdomen or back), weight loss, jaundice (yellowing of the skin and/or eyes) with or without itching, loss of appetite, nausea, change in stool, pancreatitis and recent-onset diabetes are symptoms that may indicate pancreatic cancer.	Pancreatic cancer develops as abnormal pancreatic cells multiply rapidly in the pancreas. These cells don't die, but continue growing to form tumors. As the stages of pancreatic cancer progress in dogs, tissue in the pancreas begins to die. In the later stages of pancreatic cancer, tumors can spread to other organs, causing tissue death and organ dysfunction throughout the body.
foods that will help lower blood sugar	Lemons are rich in Vitamin C and their acidity helps to lower other foods' glycemic indexes. Oat and rice bran crackers make healthy snacks. Complement with organic nut butter or cheese. Other foods that stabilize blood sugar are cheese, egg yolks, berries and brewer's yeast.	Low hemoglobin, high blood pressure, high levels of bad cholesterol and abnormal blood sugar levels are a few factors that influence blood health. Your diet can go a long way in promoting healthy blood, and most foods that are good for the blood also promote healthy weight and general well being.n fact, foods that contain monounsaturated and polyunsaturated fat actually lower your bad cholesterol levels while increasing good cholesterol. Foods that promote healthy blood cholesterol levels include plant oils -- except for palm and coconut oil -- as well as fish, nuts and avocados.
what county is williamsport, pa	Williamsport Sheriff. Find Williamsport Pennsylvania sheriff's office, department, headquarters, jail and detention center. Sheriffs provide information on records, arrests, inmates, warrants, and mugshots. Name. Lycoming County Sheriff's Office.	It cost me $2000 in Pittsburgh PA Addendum: Depends on where you are having it replaced and by whom (dealerships charge the most). I just had my 2007 Mini Cooper's clutch repl â¦ aced for $1100. Another shop gave me an estimate of $1350.I live in Orange County, CA.t cost me $2000 in Pittsburgh PA Addendum: Depends on where you are having it replaced and by whom (dealerships charge the most). I just had my 2007 Mini Cooper's clutch repl â¦ aced for $1100. Another shop gave me an estimate of $1350. I live in Orange County, CA.
what are some foods pregnant women avoid	To minimize the risk of infections, pregnant women are advised to consume only pasteurized milk, cheese and fruit juice. Bottom Line: Pregnant women should not consume unpasteurized milk, cheese or fruit juice, as these foods increase the risk of bacterial infections.	However, you still need some niacin each day; men need about 16 mg per day and women need 14 mg per day unless they are pregnant or nursing (pregnant and breastfeeding women have higher niacin requirements).
how long does blood take to replenish afet lossof blood	The blood levels will replenish within four or five hours. However the white blood cells take 12 hours to replenish. The red blood cells take about 4 to 6 weeks to regenerate, so you need to maintain and live healthy lifestyle as well.ere are some ways on how to: The best and natural way to replenish blood is to drink plenty of water. Drink 8-12 glasses of water a day. Vegetable juices and fruit juices can also help.	Low hemoglobin, high blood pressure, high levels of bad cholesterol and abnormal blood sugar levels are a few factors that influence blood health. Your diet can go a long way in promoting healthy blood, and most foods that are good for the blood also promote healthy weight and general well being.n fact, foods that contain monounsaturated and polyunsaturated fat actually lower your bad cholesterol levels while increasing good cholesterol. Foods that promote healthy blood cholesterol levels include plant oils -- except for palm and coconut oil -- as well as fish, nuts and avocados.
what is the genus of the weeping willow tree	The weeping willow belongs to the Salix genus. A member of the willow family (Salicaceae), the willow genus (Salix spp.) is a cosmopolitan genus that consists of approximately 300 species of deciduous trees and shrubs.	The kola nut is the fruit of the kola tree, a genus (Cola) of trees that are native to the tropical rainforests of Africa.
what did rudolf virchow do for the cells	Rudolf Virchow, a German medical officer specializing in cellular pathology, first expressed the fundamental dictum regarding cells in his phrase omnis cellula e cellula (all cells from cells). For cellular reproduction is the ultimate basis of the continuity of life; the cell is not onlyâ¦	RECENT REVELATIONS FROM CLASSIFIED BRITISH FILES: RUDOLF HESS MURDERED. Rudolf Hess, Adolf Hitler's Deputy Fuehrer, and Nazi Party Reichsleiter, was indeed murdered by British agents according to a document recently obtained under Great Britain's equivalent of the Freedom of Information Act. But....read the article closely and carefully!:
chart of good and bad cholesterol	Not all cholesterol is bad for the body. There are two types of cholesterol-HDL (High Density Lipoprotein or good cholesterol) and LDL (Low Density Lipoprotein or bad cholesterol).While LDL causes blockage in arteries, HDL helps transport triglycerides to the liver for excretion.ecommended level of good cholesterol is 1.55 mmol/L and above. The recommended level of LDL (bad cholesterol) is 2.6 mmol/L or lower. Sources. Sources of HDL include onions and Omega-3 fatty acids like flax oil, fish, foods rich in fibre like grains, oats, bran etc.	Low hemoglobin, high blood pressure, high levels of bad cholesterol and abnormal blood sugar levels are a few factors that influence blood health. Your diet can go a long way in promoting healthy blood, and most foods that are good for the blood also promote healthy weight and general well being.n fact, foods that contain monounsaturated and polyunsaturated fat actually lower your bad cholesterol levels while increasing good cholesterol. Foods that promote healthy blood cholesterol levels include plant oils -- except for palm and coconut oil -- as well as fish, nuts and avocados.
numbers to letters in the alphabet	The modern English alphabet is a Latin alphabet consisting of 26 letters (each having an uppercase and a lowercase form) â the same letters that are found in the ISO basic Latin alphabet: The exact shape of printed letters varies depending on the typeface.	Simply concentrate on a few letters at a time and allow your child to see, hear, and experience that letter in a variety of ways. Remember that children learn by utilizing their senses so while alphabet books can be a helpful learning tool you should utilize a number of approaches to teach the ABCs. Buy or make letters that children can experience in 3-D and let the child construct letters as well using play dough.
is good cholesterol really good	Your cholesterol levels are an important measure of heart health. For HDL cholesterol, or good cholesterol, higher levels are better. By Mayo Clinic Staff. High-density lipoprotein (HDL) is known as the good cholesterol because it helps remove other forms of cholesterol from your bloodstream.	Low hemoglobin, high blood pressure, high levels of bad cholesterol and abnormal blood sugar levels are a few factors that influence blood health. Your diet can go a long way in promoting healthy blood, and most foods that are good for the blood also promote healthy weight and general well being.n fact, foods that contain monounsaturated and polyunsaturated fat actually lower your bad cholesterol levels while increasing good cholesterol. Foods that promote healthy blood cholesterol levels include plant oils -- except for palm and coconut oil -- as well as fish, nuts and avocados.
can you get pregnant day one of your period	If youâre trying to get pregnant (or trying not to get pregnant), tracking your cycle is important. It will help you keep track of the most fertile days when you can more easily conceive. A common fertility myth is that a woman canât get pregnant when sheâs on her period. While the odds for pregnancy are lower on the days youâre on your period, they arenât zero.	However, you still need some niacin each day; men need about 16 mg per day and women need 14 mg per day unless they are pregnant or nursing (pregnant and breastfeeding women have higher niacin requirements).
what chemicals to use on canadian thistle	StingerÂ® herbicide provides superior control of Canada thistle in sugarbeets, corn and other crops. And, unlike other herbicides, it can significantly reduce thistle populations next season. Benefits. Excellent tank-mix compatibility. Critical component of micro-rate tank mix for broad-spectrum weed control.	The Canadian Physician Health Institute (CPHI) is a national program created in 2012 as a collaboration between the Canadian Medical Association (CMA), the Canadian Medical Foundation (CMF) and the Provincial and Territorial Medical Associations (PTMAs).
using commas correctly in sentences	Commas and periods are the most frequently used punctuation marks. Commas customarily indicate a brief pause; they're not as final as periods. Rule 1. Use commas to separate words and word groups in a simple series of three or more items. Example: My estate goes to my husband, son, daughter-in-law, and nephew. Note: When the last comma in a series comes before and or or (after daughter-in-law in the above example), it is known as the Oxford comma. Most newspapers and magazines drop the Oxford comma in a simple series, apparently feeling it's unnecessary.	2. Use commas after introductory a) clauses, b) phrases, or c) words that come before the main clause. a. Common starter words for introductory clauses that should be followed by a comma include after, although, as, because, if, since, when, while. While I was eating, the cat scratched at the door.n this case, however, you seem to have over-exerted yourself. 4. Do not use commas to set off essential elements of the sentence, such as clauses beginning with that (relative clauses). That clauses after nouns are always essential. That clauses following a verb expressing mental action are always essential.
what drove the industrial revolution	The defining invention of the Industrial Revolution was most definitely the steam engine. The steam engine was the energy behind the most advanced textile inventions, such as the spinning mule and the power loom.orld Trade gradually increased in the centuries before the Industrial Revolution and provided European countries access to raw materials and a market for goods. It also increased wealth that could then be loaned by banks to finance more industrial expansion in an upward spiral of economic growth.	The Industrial Revolution began in the United Kingdom and most of the important technological innovations were British. Mechanized textile production spread to continental Europe in the early 19th century, with important centers in France.ne question of active interest to historians is why the industrial revolution occurred in Europe and not in other parts of the world in the 18th century, particularly China, India, and the Middle East, or at other times like in Classical Antiquity or the Middle Ages.
are most favored nation clauses legal	Most favored nation clause. Definition. A most favored nation clause (also called a most favored customer clause or most favored licensee clause) is a contract provision in which a seller (or licensor) agrees to give the buyer (or licensee) the best terms it makes available to any other buyer (or licensee). Sample clause.	2. Use commas after introductory a) clauses, b) phrases, or c) words that come before the main clause. a. Common starter words for introductory clauses that should be followed by a comma include after, although, as, because, if, since, when, while. While I was eating, the cat scratched at the door.n this case, however, you seem to have over-exerted yourself. 4. Do not use commas to set off essential elements of the sentence, such as clauses beginning with that (relative clauses). That clauses after nouns are always essential. That clauses following a verb expressing mental action are always essential.
is it safe for pregnant women to eat pepperoni	No, it is not safe to eat uncooked pepperoni if you are pregnant. Raw food contains harmful bacteria called as listeria. The listeria bacteria can cause listeriosis in pregnant women which can lead to brain infection and even death.	However, you still need some niacin each day; men need about 16 mg per day and women need 14 mg per day unless they are pregnant or nursing (pregnant and breastfeeding women have higher niacin requirements).
what is the formula of aluminum carbide	Aluminium carbide, chemical formula Al 4 C 3, is a carbide of aluminium.	aluminum chloride a topical astringent solution and antiperspirant. aluminum chlorohydrate an antiperspirant; called also aluminum hydroxychloride. aluminum hydroxide the hydroxide of aluminum, used as an antacid and phosphate binder; the official preparation is aluminum hydroxide gel.
how many hours can someone work before you have to offer them health insurance	The PPACAâs requirement for employers to offer health care coverage to employees working 30 or more hours per week to avoid penalties may result in some employers hiring more part-time employees who work less than 30 hours per week.	If you donât offer flexible working hours and conditions, youâre not only creating an unideal work environment for your employees. You could also be shutting out qualified candidates who wonât settle working for a company with an antiquated working hours policy.
what are typical cna working hours	Typical Working Conditions for CNAs. Typical Working Conditions for CNAs. While working conditions for certified nurse aides vary depending on the facilities where they choose to work, some of the most common working conditions they encounter are briefly described below. Common Work Schedules. Although nurse aides can choose to work part- or full-time, most facilities are in need of those who are able to work full-time hours. This typically means 40 hours or more per week and can include overtime, weekend, and holiday hours.	If you donât offer flexible working hours and conditions, youâre not only creating an unideal work environment for your employees. You could also be shutting out qualified candidates who wonât settle working for a company with an antiquated working hours policy.
how long is recovery from a broken humerus	It usually takes about 6 to 8 weeks for a proximal humerus fracture to unite. But, this is only the take for bony union, it does not take into account the time that will be needed for full recovery.	Stroke Recovery. Stroke affects everybody differently. Many stroke survivors continue to improve over a long time, sometimes over a number of years. Recovery from stroke involves making changes in the physical, social and, emotional aspects of your life. You will make changes to prevent additional strokes as well as to facilitate your life-long recovery.
who does jonathan stewart play for	Carolina Panthers running back Jonathan Stewart tumbles in for a 2-yard TD run. Jonathan Stewart takes the zone read for 20 yards. Published: Dec. 24, 2016 at 01:46 p.m. Carolina Panthers running back Jonathan Stewart finds space on the onside and runs for 20 yards. Jonathan Stewart breaks free for 34 yards on the run. Published: Dec. 19, 2016 at 11:51 p.m. Carolina Panthers running back Jonathan Stewart breaks free for 34 yards on the run.	In 1403 a band of Highlanders, said to have been the Clan Stewart of Appin led by Alexander Stewart, the son of the Wolf of Badenoch murderd Sir Malcolm Drummond, chief of the Clan Drummond. In 1497 some of the Clan MacLaren stole cattle from the Braes of Lochaber from the Clan MacDonald of Keppoch.lan Stewart of Appin is a west highland branch of the Clan Stewart and have been considered a distinct clan since the 15th century. They are descended from Sir James Stewart of Perston, who was himself the grandson of Alexander Stewart, the fourth hereditary High Steward of Scotland.
what did the non-cooperation movement call upon indians to do	The non-cooperation movement was significant phase of the Indian independence movement from British rule. It was led by Mahatma Gandhi and was supported by the Indian National Congress. Gandhi started the non-cooperation movement in January 1921 after the Jallianwala Bagh Massacre.It aimed to resist British rule in India through nonviolent means.e did not want the movement to degenerate into a contest of violence, with police and angry mobs attacking each other back and forth, victimizing civilians in between. Gandhi appealed to the Indian public for all resistance to end, went on a fast lasting 3 weeks, and called off the non-cooperation movement.	... amnesty). The groups named are: Fair Immigration Reform Movement, Center for Community Change, New York Immigration Coalition, Casa de Maryland, Churches United to Save and Heal, and OneAmerica: On the call they said: We've marched, called and faxed. We've shown time and again that there's no bigger movement than ours.
how to measure a square meters	To calculate square meters in a given space, you can measure the number of meters on each side and multiply them. Alternatively, if you know the number of square feet, you can convert that figure into square meters. You may want to use a calculator to do the math involved.	This below dynamic chart generator provides user various options to customize and generate the square meters to square feet conversion chart for area measurement in different ways by supplying the Start, Increase by and Round To values. Start Value Increase by Round to.
is the canadian open on tv	PGA Canadian Open 2015: Golf Tee Times, TV Channel & Odds. Bubba Watson headlines the field in the Canadian Open. After a delayed ending to the British Open, the PGA Tour gets back to its regular schedule with the RBC Canadian Open from Glen Abbey Golf Club in Ontario. The tournament gets underway Thursday.	The Canadian Physician Health Institute (CPHI) is a national program created in 2012 as a collaboration between the Canadian Medical Association (CMA), the Canadian Medical Foundation (CMF) and the Provincial and Territorial Medical Associations (PTMAs).
how long is the typical bungee jump	Victoria Falls Bridge is the location for a 111 meters (364 ft) bungee jump. The Victoria Falls Bridge crosses the Zambezi River just below the Victoria Falls. The bungee jump operates off the Victoria Falls Bridge and has a 100% safety record. Over 50,000 people have bungee jumped from this location.	Steps. 1  1. Start eating healthy. 2  2. Run up to three miles everyday, (more if you are training for cross-country events). 3  3. Before running, warm up.  4. Gather 1  data. 5. Practice your hurdling if you want to be a hurdler.  6. Keep in mind: if you are going to do long jump or triple jump, practice your bouncy sprint everyday.
name of origin for mercury	Mercury /mer-cury/ [3 sylls.] as a boys' name is of Latin origin, and the meaning of Mercury is commerce. In modern usage, the name is sometimes a nickname for fleet-footed runners. Mythology: the messenger of the Gods who corresponds to the Greek Hermes.	Mercury orbits the Sun closer than any other planet in the Solar System, so youâd think that the temperature of Mercury is hot, and hotter. Youâd be right. The side of Mercury facing the Sun can reach 700 Kelvin, or 426 degrees Celsius.
what is in niacin	Vitamin B3 is one of 8 B vitamins. It is also known as niacin (nicotinic acid) and has 2 other forms, niacinamide (nicotinamide) and inositol hexanicotinate, which have different effects from niacin. All B vitamins help the body convert food (carbohydrates) into fuel (glucose), which the body uses to produce energy.	However, you still need some niacin each day; men need about 16 mg per day and women need 14 mg per day unless they are pregnant or nursing (pregnant and breastfeeding women have higher niacin requirements).
what is turkish mosaic lamps	Turkish Mosaic LAMP swanneck table Lamp type Large size, Lampshades, dream model from ottoman time %100 handmade.urkish Mosaic LAMP swanneck table Lamp type Large size, Lampshades, dream model from ottoman time %100 handmade.	He has a 2002 wrangler sport and the factory fog lamps are not working. I tried swapping out the fog lamp relay with mine from my jeep that is working to see if it was that but no luck. I looked for a fuse for the fog lamps but i didnt see any thing marked fog lamps.EEP WRANGLER How to clean Jeep OEM fog lamps. After I put a lift on my 02 sport my fog lamps quit working. I have searched the threads checked my fuse and then decided to buy a new relay (for 14) and nothing has worked. The switch for my fog lamps is the one you pull out on the end of my headlightblinker handle.
can polycythemia cause stroke	Polycythemia Vera Complications. If you have PV, the thickness of your blood and the slowed blood flow can cause serious health problems. Blood clots are the most serious complication of PV. Blood clots can cause a heart attack or stroke. They also can cause your liver and spleen to enlarge.	Stroke Recovery. Stroke affects everybody differently. Many stroke survivors continue to improve over a long time, sometimes over a number of years. Recovery from stroke involves making changes in the physical, social and, emotional aspects of your life. You will make changes to prevent additional strokes as well as to facilitate your life-long recovery.
what is causing my adrenal rushes and brain fog	Adrenaline is one of the body's most important stress chemicals. It is secreted from the adrenal glands, which sit atop each kidney. Adrenaline also plays a key role as a neurotransmitter that facilitates communication between brain cells, or neurons, and other cells. An adrenaline rush is a sudden increased secretion of adrenaline from the adrenal glands. It causes an increase in heart rate and respiration. Adrenaline rushes can be healthy responses to actual threats to a person's well-being or symptoms of an underlying mental disorder.	He has a 2002 wrangler sport and the factory fog lamps are not working. I tried swapping out the fog lamp relay with mine from my jeep that is working to see if it was that but no luck. I looked for a fuse for the fog lamps but i didnt see any thing marked fog lamps.EEP WRANGLER How to clean Jeep OEM fog lamps. After I put a lift on my 02 sport my fog lamps quit working. I have searched the threads checked my fuse and then decided to buy a new relay (for 14) and nothing has worked. The switch for my fog lamps is the one you pull out on the end of my headlightblinker handle.
can you have a high magnesium with high calcium	A healthy cell has high magnesium and low calcium levels. Calcium can lodge anywhere in your body and cause serious harm if not balanced with magnesium, which regulates the action of calcium. For instance, excess calcium buildup around your bones and joints mimics arthritis.ear juls, High calcium levels in the blood can be very damaging and parathyroid tumors generally cause loss of magnesium. Treatment for the parathyroid tumors is necessary and magnesium may help as well as the other cancer protocol items of iodine and sodcium bicarbonate.	Highly Nutritious. New Zealand Greenshellâ¢ Mussels are the ultimate health food. High in protein, low in fat yet providing 680mg of omega-3 from EPA and DHA in one serving. They are also a rich source of selenium, iron, Vitamin B12 and iodine, and a good source of magnesium and calcium.
is overeating an eating disorder?	Compulsive overeating disorder is frequently called a âfood addictionâ because eating can cause biological changes in your body that are similar to those caused by addictive substances. Studies have found that foods, particularly high-fat foods, affect the areas of your brain associated with pleasure.	Emetrol is an oral solution designed to soothe the stomach when nausea and vomiting are caused by a viral or bacterial infection or overeating. Emetrol contains sugar and phosphoric acid. Diabetics should not use Emetrol without medical supervision because of the concentrated sugar.
what is the waiting period for workers compensation benefits in ok?	For weekly payments, the minimum is $30 or actual wage if less, and the maximum is $342, 50% of SAWW. For non-scheduled injuries, the maximum period of payments is 500 weeks and the maximum payment amount is $171,000. Oklahoma law covers disfigurement that is Serious and permanent. Benefits are a maximum of $20,000. Oklahoma Workerâs Compensation Waiting Period: The waiting period for compensation benefits after the injury is 3 days. Oklahoma Workerâs Compensation Contact Information: Mary Black, Presid. Judge Workersâ Compensation Court 1915 North Stiles Avenue Oklahoma City, OK 73105 (405) 522-8600 (405) 522-8600 or 1-800-522-8210 1-800-522-8210	Provided with a workers compensation policy, protects you if you become liable for injury to an employee for a job-related injury that is not covered under the workers compensation law. Additional Coverages
what is the recovery time for liposuction	The skin tightening from the laser liposuction will begin several weeks after the procedure and continue for months. So it is about at the 3-4 week time period where we will know where you will settle down. However, final liposuction recovery can take 3-6 months.	Stroke Recovery. Stroke affects everybody differently. Many stroke survivors continue to improve over a long time, sometimes over a number of years. Recovery from stroke involves making changes in the physical, social and, emotional aspects of your life. You will make changes to prevent additional strokes as well as to facilitate your life-long recovery.
causes of complex visual hallucinations	Tumors that lie along, or compress, the optic path may cause visual hallucinations. In one case series, 13 of 59 patients with temporal lobe tumors experienced visual hallucinations. These hallucinations are described as complex and may involve vivid scenes (including people carrying out mundane tasks).	The theater also features a complex video system with 28 projectors and two 20-foot-high by 100-foot-wide screens, which contribute to the visual experience. LOVE is not a typical Cirque du Soleil show with high-flying trapeze artists, gymnasts and acrobats.
an electron group is defined as	Electron Groups. In determining the geometry of molecules, the valence shell electron pair repulsion model, or VSEPR, assumes that repulsions between electron pairs causes them to remain as far apart as possible. The geometry that the molecule ultimately adopts minimizes the repulsion between electron pairs.n determining the geometry of molecules, the valence shell electron pair repulsion model, or VSEPR, assumes that repulsions between electron pairs causes them to remain as far apart as possible. The geometry that the molecule ultimately adopts minimizes the repulsion between electron pairs.	Electron carriers are reduced during glycolysis and the citric acid cycle to NADH + H+ and FADH2. These carriers then donate electrons and protons to the electron carrier proteins of the electron transport chain. The final electron acceptor is oxygen.Together with oxygen, electrons and protons form molecules of water.our protein complexes in the inner mitochondrial membrane form the electron transport chain. These complexes exist in a descending order of energy. Here the electron carriers come along to drop off all their electron and proton cargo that they picked up during the glycolysis and citric acid cycle stages.
who developed the esi triage system	Severity Index (ESI) The Emergency Severity Index (ESI) is a five-level triage scale developed by ED physicians Richard Wuerz and David Eitel in the United States (Gilboy et al., 1999; Wuerz, Milne, Eitel, Travers & Gilboy, 2000). The two originators believed that a principal role for an emergency department triage instrument	Mathematics in China emerged independently by the 11th century BC. The Chinese independently developed very large and negative numbers, decimals, a place value decimal system, a binary system, algebra, geometry, and trigonometry.
what causes dark spots around the stem of tomatoes	Fungal Leaf & Fruit Spots of Tomato I. There are many fungi that cause leaf and fruit spots on tomatoes. The ones described here are similar in that they do not have obvious fungal growth on either the leaf or the fruit spots.	If your tomatoes look black on the bottoms, they're probably suffering from blossom end rot. Blossom end rot can be identified by a black or dark discoloration, usually with a water-soaked appearance. It can also appear on peppers and eggplant.
how many voting member are in the house of representatives	There are 435 voting members in the House of Representatives.	The Texas House of Representatives has 150 members.  * The Texas Senate has 30 members.  * Texas has 32 seats in the US House of Reprentatives and two US Senators.here are 435 representatives in the House, compared to 100 senators in the Senate. This is the number reached when new seats were added in 1913, and the number was locked b â¦ y the Reapportionment Act of 1929. From 1959 to 1963, there were temporarily 437 seats. There are 6 other non-voting delegates.
what cancer is symbolized by a green ribbon?	Green Ribbon : Meaning: This color is a symbol of childhood depression, missing children, open records for adoptees, environmental concerns, kidney cancer, tissue/organ donation, homeopathy, and worker and driving safety.	Endoplasmic reticulum is often abbreviated as ER; hence, smooth type is denoted as SER and the rough type is symbolized as RER. There are interesting differences in structures and functions between these two types and, this article summarizes most of those.
amnesty definition	The definition of amnesty is the act of releasing or protecting a person or persons from prosecution for wrongdoings. An example of amnesty is when the US government lets in a foreign citizen to help protect that citizen from being killed in his own country.	... amnesty). The groups named are: Fair Immigration Reform Movement, Center for Community Change, New York Immigration Coalition, Casa de Maryland, Churches United to Save and Heal, and OneAmerica: On the call they said: We've marched, called and faxed. We've shown time and again that there's no bigger movement than ours.
we happy few final release date	We Happy Few release date for PC (Early Access), Xbox One (Game Preview) July 26, 2016 8 Months Ago (US) ! We Happy Few was released on PC (Early Access) and Xbox One (Game Preview) 261d ago in the US and the UK.	1.9, the first release of the Combat Update, is an upcoming major update to Minecraft with no set release date.Dinnerbone has stated in May that many of the features he has shown for 1.9 are not â100% finalâ, so things may change later.or other editions, see Version history (disambiguation) . 1.9, the first release of the Combat Update, is an upcoming major update to Minecraft with no set release date. Dinnerbone has stated in May that many of the features he has shown for 1.9 are not â100% finalâ, so things may change later.
synonyms of impress	Synonyms for impressed on in Free Thesaurus. Antonyms for impressed on. 62 synonyms for impress: excite, move, strike, touch, affect, influence, inspire, grab, amaze, overcome, stir, overwhelm, astonish, dazzle, sway, awe, overawe. What are synonyms for impressed on?	Make an effort synonyms. Top make an effort synonyms (idioms only) are have a crack, chip away at and give a go.
what do the endoplasmic reticulum do	Endoplasmic reticulum is a network of tubules, vesicles and sacs that are interconnected. They may serve specialized functions in the cell including protein synthesis, sequestration of calcium, production of steroids, storage and production of glycogen, and insertion of membrane proteins.he endoplasmic reticulum (ER) is an organelle that appears in all eukaryotic cells, usually surrounding the nucleus. The ER is made of a series of membranes that extend throu â¦ ghout the jelly-like cytoplasm and kind of form a maze.	Endoplasmic reticulum is often abbreviated as ER; hence, smooth type is denoted as SER and the rough type is symbolized as RER. There are interesting differences in structures and functions between these two types and, this article summarizes most of those.
what are chemical symbols used for	A chemical symbol is an abbreviation or shortened version of the name of a chemical element, generally assigned in relation to its Latin name. Natural elements all have symbols of one or two letters; some man-made elements have temporary symbols of three letters.	In this lesson you will learn: about chemical equations, the equation symbols used to write chemical equations and how to write chemical equations properly. For this lesson, you will need your periodic table and your polyatomic ion cheat sheet.
what is algebra really about	Algebra is one of the broad parts of mathematics, together with number theory, geometry and analysis. In its most general form, algebra is the study of mathematical symbols and the rules for manipulating these symbols; it is a unifying thread of almost all of mathematics. As such, it includes everything from elementary equation solving to the study of abstractions such as groups, rings, and fields. The more basic parts of algebra are called elementary algebra; the more abstract parts are called	Mathematics in China emerged independently by the 11th century BC. The Chinese independently developed very large and negative numbers, decimals, a place value decimal system, a binary system, algebra, geometry, and trigonometry.
what is aluminum hydroxide gel	Aluminum hydroxide gel is an antacid medication that can be used to treat heartburn and indigestion. Drinking plenty of water may help minimize constipation.	aluminum chloride a topical astringent solution and antiperspirant. aluminum chlorohydrate an antiperspirant; called also aluminum hydroxychloride. aluminum hydroxide the hydroxide of aluminum, used as an antacid and phosphate binder; the official preparation is aluminum hydroxide gel.
where does eggplant grow	By Kathee Mierzejewski. Eggplant (Solanum melongena) is one of the vegetables you can grow in your garden but is very sensitive to cold. When deciding to grow eggplants, remember that they are similar to peppers and tomatoes.In fact, theyâre in the same family. They should be planted after the chance of any sort of frost.ow to Plant Eggplant. When growing eggplant, you want to remember that planting eggplant from seed should be done indoors or in a greenhouse setting. This protects the new little seedlings from any sort of frost. When planting eggplant, if you plant them too early, you will risk hurting the plant.	If your tomatoes look black on the bottoms, they're probably suffering from blossom end rot. Blossom end rot can be identified by a black or dark discoloration, usually with a water-soaked appearance. It can also appear on peppers and eggplant.
what information does a chemical equation contain	A chemical equation is used in the means of writing out and describing a chemical reaction, such as the reactants and the substance that forms after the reaction (called the p â¦ roduct)   P.S: it took me a little to find out the question since i had it too.he reactions in which heat is given out are called exothermic reactions. This information is provided by adding a heat term only the product-side (right hand side) of the chemical equation. For example, (a) When carbon is burnt in air (or oxygen) heat is evolved.	In this lesson you will learn: about chemical equations, the equation symbols used to write chemical equations and how to write chemical equations properly. For this lesson, you will need your periodic table and your polyatomic ion cheat sheet.
ferdinand digital release date	Source: Ferdinand Movie Style: Original Motion Picture Soundtrack Music by Various Artists Label: Island Records Format: Digital, CD Release Date: December 1, 2017. Ferdinand is a 2017 American 3D computer-animated comedy-drama film, based on Munro Leafâs childrenâs	1.9, the first release of the Combat Update, is an upcoming major update to Minecraft with no set release date.Dinnerbone has stated in May that many of the features he has shown for 1.9 are not â100% finalâ, so things may change later.or other editions, see Version history (disambiguation) . 1.9, the first release of the Combat Update, is an upcoming major update to Minecraft with no set release date. Dinnerbone has stated in May that many of the features he has shown for 1.9 are not â100% finalâ, so things may change later.
amnesty define	Generally, amnesty is defined as any governmental pardon for past offenses or crimes, especially political ones. Granting amnesty goes beyond a pardon, in that it forgives the said offense completely, and typically without consequences. For purposes of conservative politics, amnesty is a political term typically associated with two major issues -- immigration and capital punishment. As it relates to immigration, amnesty is the term used for granting automatic citizenship to resident aliens, who are in the United States illegally. Amnesty for illegal immigrants is the subject of tremendous controversy since it essentially bypasses the citizenship and assimilation process essential to all legal immigration into the United States.	... amnesty). The groups named are: Fair Immigration Reform Movement, Center for Community Change, New York Immigration Coalition, Casa de Maryland, Churches United to Save and Heal, and OneAmerica: On the call they said: We've marched, called and faxed. We've shown time and again that there's no bigger movement than ours.
what is algebra and why is it important	Algebra is a branch of mathematics that substitutes letters for numbers, and an algebraic equation represents a scale where what is done on one side of the scale is also done to the other side of the scale and the numbers act as constants.	Mathematics in China emerged independently by the 11th century BC. The Chinese independently developed very large and negative numbers, decimals, a place value decimal system, a binary system, algebra, geometry, and trigonometry.
wow release date	WoW: Legion release date. Legion's release date is now past - it's out. It was released on August 30, 2016. Both the standard digital and physical versions will set you back Â£34.99/$49.99. WoW: Legion collector's edition. Blizzard CEs come in two forms - a digital deluxe and the standard big box o' stuff. The digital deluxe edition, sitting at Â£49.99/$69.99, comes with these things: Reins of the Illidari Felstalker mount. Nibbles (a Felstalker mini-pet) Felstalker mount for Heroes of the Storm.	1.9, the first release of the Combat Update, is an upcoming major update to Minecraft with no set release date.Dinnerbone has stated in May that many of the features he has shown for 1.9 are not â100% finalâ, so things may change later.or other editions, see Version history (disambiguation) . 1.9, the first release of the Combat Update, is an upcoming major update to Minecraft with no set release date. Dinnerbone has stated in May that many of the features he has shown for 1.9 are not â100% finalâ, so things may change later.
minecraft 1.9.2 how to make fences	Once you have these you can then put them back into the Crafting Box and make them into Sticks. Place all items like how it is displayed below into the table: Now that you have learned how to make a fence in Minecraft, they are 1.5 blocks tall so nothing is able to jump over them.You are able to place blocks on top of the fence that will sit on the fence like it is one block. Fences can be used as a Fuel Source in Furnaces.A Fence Gate is commonly used with fences so a player easily go through a wall of fences.ow To Make A Fence In Minecraft. Crafting is the way to make a cake in Minecraft. The player will first need one crafting table. It can be made by opening your inventory box and placing 4 Wooden Planks into the 2Ã2 grid. If you just made the crafting table then you will need to equip it and place it on the ground.	1.9, the first release of the Combat Update, is an upcoming major update to Minecraft with no set release date.Dinnerbone has stated in May that many of the features he has shown for 1.9 are not â100% finalâ, so things may change later.or other editions, see Version history (disambiguation) . 1.9, the first release of the Combat Update, is an upcoming major update to Minecraft with no set release date. Dinnerbone has stated in May that many of the features he has shown for 1.9 are not â100% finalâ, so things may change later.
how much does a residential elevator cost	The average cost for a basic two-stop home elevator in a new home is $21,000 to $25,000, experts say. Three stops run from $28,000 to $30,000 and costs increase for customized cabs, as the residential cars are called. Adding an elevator within an existing home can easily double the expense.	Results per page: 16 | 32 | 48. Protect machinery from water damage with an elevator sump pump with an oil sensor from Grainger. If water is allowed to collect in an elevator pit it can facilitate the growth of bacteria, mold and mildew. These pumps that are designed and approved for safe operation of pumping, alarming and monitoring of elevator sump pits, transformer vaults and other applications where oil and water must be detected.
what does indirect contempt of court mean	Contempt of Court, Indirect. âIndirect contempt of courtâ is the violation of a court order outside the immediate presence of the court. It may be either civil, or criminal. A charge of Criminal Indirect Contempt of Court is a criminal charge. Defendants charged in this manner are afforded all the usual privileges of other criminal defendants, like the right to a trial by jury, to examine, and to call, witnesses, and to testify on one's own behalf.	If the person refuses to take a court-ordered paternity test, it could result in legal consequences. For example, the potential father may be held in contempt of court for violating the court order. This can result in fines or criminal charges. Or, a judge may enter an automatic (default) judgment against the person.
which types of organisms are always located at the beginning of the food chain	The organisms at the beginning of the food chain are called producers or autotrophs, such as plants and algae. Some make their own food using the sun's energy through photosynthesis and some producers use chemosynthesis to make their own food. Above them would be 1st level consumers, then 2nd level consumers and so on.	Consumers like fish and other aquatic animals eat some of the producers, and the nutrients move up the food chain. When these organisms die, bacteria decompose the organic compounds and release into the water inorganic nutrients such as nitrate, phosphate, calcium, and others.
where were the scenes from hogwarts filmed	This was one of the locations used for the Hogwarts library along with Harrow Boarding School's library and Alnwick Castle's Guest Hall. Christ Church, Oxford, Oxfordshire. Some of the interior shots at Hogwarts were filmed in the Great Hall.his was one of the locations used for the Hogwarts library along with Harrow Boarding School's library and Alnwick Castle's Guest Hall. Christ Church, Oxford, Oxfordshire. Some of the interior shots at Hogwarts were filmed in the Great Hall.	Will & Grace was filmed in front of a live studio audience (most episodes and scenes) on Tuesday nights, at Stage 17 in CBS Studio Center, a space that totals 14,000 sq ft (1,300 m2). Will and Grace's apartment is on display at the Emerson College Library, having been donated by series creator Max Mutchnick.
what is the average cost of a work related back injury	The average cost of a low-back associated workers compensation claim is nearly $8,500. This is double the cost of the average injury claim. The total estimate for the United States ranges between $50 and $100 billion per year. A large portion of this cost is directly workers compensation related.	Provided with a workers compensation policy, protects you if you become liable for injury to an employee for a job-related injury that is not covered under the workers compensation law. Additional Coverages
synonyms of salient	Synonyms of salient: prominent, outstanding, important, marked, striking | Collins English Thesaurus English Thesaurus | Dictionary | Translator | Grammar | Scrabble | Blog English	Make an effort synonyms. Top make an effort synonyms (idioms only) are have a crack, chip away at and give a go.
number of us house of representatives	The U.S. House of Representatives and the U.S. Senate make up the two chambers of Congress. The House has 435 members, the number representing each state is determined by population. 1  U.S. House of Representatives.  House Committees.	The Texas House of Representatives has 150 members.  * The Texas Senate has 30 members.  * Texas has 32 seats in the US House of Reprentatives and two US Senators.here are 435 representatives in the House, compared to 100 senators in the Senate. This is the number reached when new seats were added in 1913, and the number was locked b â¦ y the Reapportionment Act of 1929. From 1959 to 1963, there were temporarily 437 seats. There are 6 other non-voting delegates.
obesity synonyms	Synonyms: embonpoint; stoutness; corpulency; exogenous obesity; overweight; avoirdupois; plumpness; fat; fatness; roundness; adiposis; corpulence; blubber; fleshiness; Antonyms: leanness	Make an effort synonyms. Top make an effort synonyms (idioms only) are have a crack, chip away at and give a go.
sausage party release date	In the best theaters of the country will premiere a new cartoon called Sausage Party. Premiere date has been set. The worldwide box office the film will be shown June 10, 2016. This comedy filmed the famous director Greg Tirnanom. His assistant is the director Conrad Vernon.	1.9, the first release of the Combat Update, is an upcoming major update to Minecraft with no set release date.Dinnerbone has stated in May that many of the features he has shown for 1.9 are not â100% finalâ, so things may change later.or other editions, see Version history (disambiguation) . 1.9, the first release of the Combat Update, is an upcoming major update to Minecraft with no set release date. Dinnerbone has stated in May that many of the features he has shown for 1.9 are not â100% finalâ, so things may change later.
when was casa started	CASA (Court Appointed Special Advocates) was started in Seattle, WA in 1977 when a juvenile court judge expressed concern that the courts were deciding the fate of children removed from their homes without having sufficient information.	... amnesty). The groups named are: Fair Immigration Reform Movement, Center for Community Change, New York Immigration Coalition, Casa de Maryland, Churches United to Save and Heal, and OneAmerica: On the call they said: We've marched, called and faxed. We've shown time and again that there's no bigger movement than ours.
synonyms of development	development | definition: act of improving by expanding or enlarging or refining | synonyms: broadening, elaboration, product development, advancement, improvement, working out, progress Working on a longer text?	Make an effort synonyms. Top make an effort synonyms (idioms only) are have a crack, chip away at and give a go.
synonyms for ancient	Ancient synonyms and Ancient antonyms. Top synonym for ancient (another word for ancient) is old.	Make an effort synonyms. Top make an effort synonyms (idioms only) are have a crack, chip away at and give a go.
scorch trials dvd release date	The Maze Runner sprinted to a successful opening at the box office this weekend, and now 20th Century Fox is moving forward on the sequel, The Scorch Trials, which will be released on September 18, 2015.	1.9, the first release of the Combat Update, is an upcoming major update to Minecraft with no set release date.Dinnerbone has stated in May that many of the features he has shown for 1.9 are not â100% finalâ, so things may change later.or other editions, see Version history (disambiguation) . 1.9, the first release of the Combat Update, is an upcoming major update to Minecraft with no set release date. Dinnerbone has stated in May that many of the features he has shown for 1.9 are not â100% finalâ, so things may change later.
major geographical features of california	California's Central Valley is a large, flat valley that dominates the geographical center of the U.S. state of California.It is 40 to 60 miles (60 to 100 km) wide and stretches approximately 450 miles (720 km) from north-northwest to south-southeast, inland from and parallel to the Pacific Ocean coast.alifornia's Central Valley is a large, flat valley that dominates the geographical center of the U.S. state of California.	1.9, the first release of the Combat Update, is an upcoming major update to Minecraft with no set release date.Dinnerbone has stated in May that many of the features he has shown for 1.9 are not â100% finalâ, so things may change later.or other editions, see Version history (disambiguation) . 1.9, the first release of the Combat Update, is an upcoming major update to Minecraft with no set release date. Dinnerbone has stated in May that many of the features he has shown for 1.9 are not â100% finalâ, so things may change later.
what causes severe constipation after eating dark chocolate	Cocoa, in whatever form, isnât likely to cause constipation. The darker the chocolate, the higher the amount of natural cocoa fat it contains, and the less likely it is to cause constipation. Yes, you can eat rich, bittersweet dark chocolate without a fear of constipation. The lighter a chocolate, the more milk and sugar it will contain, making it more likely to cause constipation. A perfect answer for chocolate lovers	It is generally safe for pregnant women to eat chocolate because studies have shown to prove certain benefits of eating chocolate during pregnancy. However, pregnant women should ensure their caffeine intake is below 200 mg per day.
what are good food sources for magnesium	Magnesium Rich Food Sources. Green vegetables such as spinach are good sources of magnesium because the center of the chlorophyll molecule (which gives green vegetables their color) contains magnesium.Some beans, peas, nuts, seeds, and whole, unrefined grains are also good sources of magnesium.You should note that refined grains are generally low in magnesium. When white flour is processed, the magnesium rich germ and bran are removed.agnesium Rich Food Sources. Green vegetables such as spinach are good sources of magnesium because the center of the chlorophyll molecule (which gives green vegetables their color) contains magnesium.	Highly Nutritious. New Zealand Greenshellâ¢ Mussels are the ultimate health food. High in protein, low in fat yet providing 680mg of omega-3 from EPA and DHA in one serving. They are also a rich source of selenium, iron, Vitamin B12 and iodine, and a good source of magnesium and calcium.
synonyms for density	Princeton's WordNet(4.00 / 2 votes)Rate these synonyms: 1  density, denseness(noun) the amount per unit size. 2  concentration, density, denseness, tightness, compactness(noun) the spatial property of being crowded together.	Make an effort synonyms. Top make an effort synonyms (idioms only) are have a crack, chip away at and give a go.
what is the release date for the wonder movie	Gal Gadot as Wonder Woman. The legendary Amazonian princess of DC Comics will finally get her own movie. Wonder Woman, the movie will start filming in the fall of 2015. DC Comics and Warner Brothers already announced a release date for the movie on June 23, 2017. Gal Gadot, an Israeli model and actress who also starred in the last three Fast & Furious movies, has long been cast to play the superhero and warrior princess.	1.9, the first release of the Combat Update, is an upcoming major update to Minecraft with no set release date.Dinnerbone has stated in May that many of the features he has shown for 1.9 are not â100% finalâ, so things may change later.or other editions, see Version history (disambiguation) . 1.9, the first release of the Combat Update, is an upcoming major update to Minecraft with no set release date. Dinnerbone has stated in May that many of the features he has shown for 1.9 are not â100% finalâ, so things may change later.
what is trap it term	Trap (computing) In computing and operating systems, a trap, also known as an exception or a fault, is typically[NB 1][1] a type of synchronous interrupt typically caused by an exceptional condition (e.g., breakpoint, division by zero, invalid memory access).	1 A cage trap baited with peanut butter or a sticky trap that is of a size designed to catch rats will get them while in the car. 2  Then drown the rats or suffocate them in a plastic bag (trap and rat go in the bag) and then trash them. A cage trap baited with peanut butter or a sticky trap that is of a size designed to catch rats will get them while in the car. 2  Then drown the rats or suffocate them in a plastic bag (trap and rat go in the bag) and then trash them.
can ciprofloxacin be used to treat pneumonia	Several bacterial infections can be treated with ciprofloxacin, such as bladder infections, pneumonia, and sinus infections. Off-label uses for ciprofloxacin include treating other types of infections caused by susceptible bacteria. This drug is not appropriate for all bacterial infections, and it will not treat viral infections. Children can use many of the ciprofloxacin products; however, they may have an increased risk for tendon problems.	Ciprofloxacin should not be given if your pet has a known sensitivity or allergy to antibiotics. Dogs with damage to their central nervous system should take ciprofloxacin with caution, since it may increase the risk of seizures.
are cnn ratings falling	This Is Why CNN Is Tanking In Ratings. CNN got some bad news and the first 24-hour cable news channel could be in major trouble, especially if Trump wins. CNN has completely bailed on the idea of independent journalism and factual news reporting and have âunofficiallyâ become the Clinton News Network. Ratings came out and after a nice bump during the DNC, CNN has fallen behind MSNBC and the network is wondering why. One of the reasons for the fall is the constant Trump bashing. CNN has dedicated an incredible amount of time to bashing and condemning Donald Trump and adding a negative spin to anything they can.	The hearts of the LGBTQ community sank when Alexis Arquette, an actress and transgender activist, died on Sunday. According to CNN, Alexis Arquette was surrounded by her family members at the time of her death. Arquette was 47 at the time of her death, and it was her brother â Richmond Arquette â who first confirmed her death to CNN.
weight of wistar rat	The normal birth weight for a Wistar rat is between 5-6 grams. Birth weight of less than 5grams can therefore be regarded as low birth weight in Wistar rats. This study; which was conducted in Bowen University, Iwo, Osun state, Nigeria, in 2013, was carried out to ascertain the effect of maternal ingestion of aspirin on the outcome of pregnancy in Wistar rats, with special reference to newborn birth weight.	1 A cage trap baited with peanut butter or a sticky trap that is of a size designed to catch rats will get them while in the car. 2  Then drown the rats or suffocate them in a plastic bag (trap and rat go in the bag) and then trash them. A cage trap baited with peanut butter or a sticky trap that is of a size designed to catch rats will get them while in the car. 2  Then drown the rats or suffocate them in a plastic bag (trap and rat go in the bag) and then trash them.
synonyms for eruption	Synonyms for eruption hematoma in Free Thesaurus. Antonyms for eruption hematoma. 33 synonyms for eruption: explosion, discharge, outburst, venting, ejection, flare-up, outbreak, sally, inflammation, outbreak, rash, flare-up, explosion.... What are synonyms for eruption hematoma? Eruption hematoma synonyms, eruption hematoma antonyms - FreeThesaurus.com https://www.freethesaurus.com/eruption+hematoma	Make an effort synonyms. Top make an effort synonyms (idioms only) are have a crack, chip away at and give a go.
cost to install a sump pump	The average cost to install a sump pump ranges from $550 to $1,100 depending on the size of the pump. How do you build a sump pit? A sump pit is literally a hole just large enough to hold the pump with a plastic lining.	Results per page: 16 | 32 | 48. Protect machinery from water damage with an elevator sump pump with an oil sensor from Grainger. If water is allowed to collect in an elevator pit it can facilitate the growth of bacteria, mold and mildew. These pumps that are designed and approved for safe operation of pumping, alarming and monitoring of elevator sump pits, transformer vaults and other applications where oil and water must be detected.
how long it takes to get a debit memo at uop	Usually takes two days. For ex: if a debit memo shows on Wednesday evening, your deposit should post to your WalMart Moneycard early Friday ... read more. Hi! According to University of Phoenix website, refunds are processed within TEN business days and refunds are issued by University of Phoen ...	Simple. 1  Black Line memo sample Use this document as a brief record written as an aid to the memory: memorandum, notation, note. 2  Blue Gradient sample of memo Simple memo design with blue gradient boxes in the header and footer. 3  Red Sidebar Business Memo Formal design with red-and-black pattern sidebar.
what did textiles do in the industrial revolution	The textile industry significantly grew during the Industrial Revolution. The demand for cloth grew, so merchants had to compete with others for the supplies to make it.	The Industrial Revolution began in the United Kingdom and most of the important technological innovations were British. Mechanized textile production spread to continental Europe in the early 19th century, with important centers in France.ne question of active interest to historians is why the industrial revolution occurred in Europe and not in other parts of the world in the 18th century, particularly China, India, and the Middle East, or at other times like in Classical Antiquity or the Middle Ages.
what are roof rats	Rattus rattus redirects here. For the album by Merzbow, see Rattus Rattus (album). The black rat (Rattus rattus), also known as the ship rat, roof rat, house rat, is a common long-tailed rodent of the genus Rattus (rats) in the subfamily Murinae. The species originated in tropical Asia and spread through the Near East in Roman times before reaching Europe by the 1st century and spreading with Europeans across the world.	1 A cage trap baited with peanut butter or a sticky trap that is of a size designed to catch rats will get them while in the car. 2  Then drown the rats or suffocate them in a plastic bag (trap and rat go in the bag) and then trash them. A cage trap baited with peanut butter or a sticky trap that is of a size designed to catch rats will get them while in the car. 2  Then drown the rats or suffocate them in a plastic bag (trap and rat go in the bag) and then trash them.
is pizza considered fast food	Fast Food Pizza is Unhealthy. Fast food pizza is unhealthy because of its ingredients. Fast food pizza is made on a white crust that is filled with refined carbs. These refined or processed grains are stripped of most of the healthy nutrients in the name of taste.	I have already proven that the mode can be numerical in the sentences above. For an example of categorical data, say I surveyed some people about what their favorite food was and this was the data: Pizza, pizza, pizza, ice cream, ice cream, strawberries, strawberries, oranges, spaghetti. The mode would have been pizza.
what is  the synonyms  of  hobby	English Collins Dictionary - English synonyms & Thesaurus. ( hobbies plural ) A hobby is an activity that you enjoy doing in your spare time. n-count (=pastime) My hobbies are letter writing, football, music, photography, and tennis.	Make an effort synonyms. Top make an effort synonyms (idioms only) are have a crack, chip away at and give a go.
how to buy a mcdonald's franchise cost	They hear McDonalds franchise earnings and profits are substantial and the cost to buy a McDonalds franchise is $45,000 - an investment that's within their franchise affordability range. As with most things in life, a little information is a dangerous thing.	What kind of qualifications is required to open a Mcdonaldâs franchise (apart from money, is there certain critiera you must fulfill)? How much capital are you required to have to open a McDonalds and what exactly do you own? Youâre required to have a business degree, or a successful business career. Youâre also required to put in $650,000 to help start up. McDonaldâs owns the land, and the building. Thatâs how corporate earns their money â through lease. I only own what is inside the store.
synonyms of clogs	Synonyms for Clogs: hindrances (noun) barriers, blockades, blockages, complications, constraints, cul-de-sacs, dampers, deterrents,	Make an effort synonyms. Top make an effort synonyms (idioms only) are have a crack, chip away at and give a go.
what month do computers go on sale	3. Tax software and service-Tax preparation companies are already trying to grab your attention. They do that by offering services and software at a discount, or special promotions. 4. Computers-Historically, February is a good month for buying computers.	Shipped it from Las Vegas to Houston with HaulBikes (great company). Within a month I realized, this wasn't my dream, and if I was going to own a bike, it should be the one I want. The Dyna is now for sale. I just got my lifetime dream (been saving since I was 18), a gorgeous 2006 FLHTC/I Electra Glide Classic.
what diseases do rats carry	Leptospirosis. Leptospirosis, also called Weil's disease, is a bacteria that many rats carry without showing symptoms of infection. Humans become infected when contaminated rat urine or feces comes in contact with mucous membranes. Symptoms in people include headache, fever, vomiting, rash and muscle aches.hile they can carry and spread the disease, fleas on the rat are more often to blame. Fleas spread plague between animals and from animals to humans. Rats will die if they become infected with plague. Humans can also die without treatment, but antibiotics can are usually effective.	1 A cage trap baited with peanut butter or a sticky trap that is of a size designed to catch rats will get them while in the car. 2  Then drown the rats or suffocate them in a plastic bag (trap and rat go in the bag) and then trash them. A cage trap baited with peanut butter or a sticky trap that is of a size designed to catch rats will get them while in the car. 2  Then drown the rats or suffocate them in a plastic bag (trap and rat go in the bag) and then trash them.
midway definition	midway definition: 1. Obs. 2. the middle of the way or distance 3. a middle way or course 4. Origin of midwayorig. short for Midway Plaisance, the amusement area of the Columbian Exposition (1893), in Chicago that part of a fair or exposition where c...	I beleive you mean why ARE the midway islands a territory of the US. Well, from the mid 1800's to 1900, America was an imperialist nation.It was eager to expand. In addition â¦ to becoming more involved in foriegn affairs, the US sought colonies. It gained territory in the Carribean and the Pacific through the Spanish-American war.However, Midway was simply declared US territory and has been ever since. No debate, no conflict, no purchase, just it's mine because I want it to be....that's kinda how we are today. beleive you mean why ARE the midway islands a territory of the US. Well, from the mid 1800's to 1900, America was an imperialist nation.
cost of dexlansoprazole	Dexilant (Dexlansoprazole) is an effective medicine to treat heartburn and ulcers, but can be expensive. Price and discounts. (30) 60mg capsule. Cost for (30) 60mg capsules of Dexilant (Dexlansoprazole) at pharmacies. Kroger Pharmacy $292.85New price:$257.71Save:12%. $303.59New price:$258.05Save:15%.	In addition to listing the cost of owning a cat for the more expensive first year, the cost for owning the cat for the remaining 13 years is broken down as an average yearly cost and then totaled at the end showing how much it will cost to own a cat for 14 years. Low Cost.
what is made of aluminum	Combined with other minerals, aluminum is found in the kitchen of almost every home. All the cans that contain your sodas and juices are made of aluminum, so are a few of the TV trays used for frozen meals. You may use aluminum to cook your food, since there are pots and pans made from aluminum. In addition, do not forget the easiest and most used thing in your kitchen that is made of aluminum, foil. Foil used to be made out of tin, but tin leaves a metal taste on food, so aluminum replaced tin as the household foil in 1910.	aluminum chloride a topical astringent solution and antiperspirant. aluminum chlorohydrate an antiperspirant; called also aluminum hydroxychloride. aluminum hydroxide the hydroxide of aluminum, used as an antacid and phosphate binder; the official preparation is aluminum hydroxide gel.
ostentation synonyms	noun display, show, parade, boasting, flourish, showing off (informal), pretension, flaunting, vaunting, pomp, window-dressing, flamboyance, affectation, swank (informal), pageantry, exhibitionism, pretentiousness, flashiness, showiness Despite her wealth, she lived with a notable lack of ostentation.	Make an effort synonyms. Top make an effort synonyms (idioms only) are have a crack, chip away at and give a go.
what size can a carry on duffle bag be when flying	Maximum size for a carry on is 45 linear inches meaning length + height + depth. Your bag would be 65 linear inches, so no you cannot carry your bag. You can check that bag though. It doesn't matter if it is a dufflebag, but it should be under 70 lbs. I traveled to Hawaii with a duffle bag and I had no problems.	1 A cage trap baited with peanut butter or a sticky trap that is of a size designed to catch rats will get them while in the car. 2  Then drown the rats or suffocate them in a plastic bag (trap and rat go in the bag) and then trash them. A cage trap baited with peanut butter or a sticky trap that is of a size designed to catch rats will get them while in the car. 2  Then drown the rats or suffocate them in a plastic bag (trap and rat go in the bag) and then trash them.
